doc_id,afinn_score,bing_score,kaggle_score,loghran_score,nrc_score
10006,-0.857142857,-0.214814815,-1.333333333,-0.68115942,0.046357616
10027,-0.734597156,-0.005517546,1.027860697,-0.489433076,0.210042257
10029,-1.032854209,-0.142028986,1.814705882,-0.417218543,0.137195122
10041,-0.742857143,-0.00758214,2.343119266,-0.367668097,0.204610951
10052,-0.487394958,0.15862069,-1.9,-0.438596491,0.246376812
10074,-0.877697842,-0.20917917,0.820754717,-0.582132565,0.026442308
10087,-0.58974359,0.206896552,5,-0.173076923,0.373913043
10088,-1.021818182,-0.202572347,-1.87,-0.464,0.150442478
10137,-1.063063063,-0.210526316,0.535714286,-0.627118644,0.1
10158,2,0,-1.7,1,1
10160,-1.097315436,-0.202830189,2.088888889,-0.492647059,0.091891892
10171,-0.555555556,-0.315508021,-2.742857143,-0.677419355,-0.169491525
10182,-1.257142857,-0.347254447,-0.53125,-0.667943806,-0.104413348
10185,-0.776,-0.005813953,2.989473684,-0.413793103,0.230769231
10191,-0.665427509,-0.046454768,2.6,-0.540740741,0.174418605
10201,-1,-0.167785235,-3.35,-0.410714286,0.158536585
10267,-0.773148148,-0.006802721,2.307692308,-0.389830508,0.253424658
10268,-1.142857143,-0.081967213,2.5,-0.36,0.263157895
10294,-0.720698254,-0.008,2.157333333,-0.368421053,0.18275154
10307,-0.966666667,-0.194539249,-0.426086957,-0.595,0.082089552
10310,-1,-0.104404568,1.66440678,-0.560330579,0.033921303
10316,-0.778688525,-0.03965702,2.293939394,-0.467465753,0.2
1957,-0.942748092,-0.102493075,-1.663157895,-0.503649635,0.169491525
1988,-0.927031509,-0.119897959,-1.484615385,-0.495559503,0.128342246
2032,-0.388888889,0.130434783,3.9,-0.375,0.217391304
2091,-0.932270916,-0.02688172,3.469230769,-0.472803347,0.197368421
2100,-0.71257485,-0.078431373,0.776923077,-0.388888889,0.225490196
2101,-0.808743169,-0.05,0.18,-0.445783133,0.198237885
2122,-0.921135647,-0.004464286,2.506666667,-0.422077922,0.229268293
2140,-0.418918919,0.007092199,1.9,-0.685393258,0.18699187
2148,0.5,-0.625,NaN,-1,-0.454545455
2160,-1.029455081,-0.208510638,-2.202816901,-0.493630573,0.083040936
2165,-0.94,-0.07473983,2.792307692,-0.392809587,0.223414634
2170,-0.957746479,-0.215053763,-2.815384615,-0.614814815,0.032967033
2175,-0.810483871,-0.032581454,2.605555556,-0.4,0.150326797
2177,-0.652777778,-0.007751938,0.85,-0.649350649,0.146341463
2178,-1.364583333,-0.462365591,1.56875,-0.630434783,-0.087719298
2179,-0.946428571,-0.214285714,0.49,-0.582608696,0.055555556
2210,-0.852517986,-0.004878049,0.177777778,-0.3984375,0.228571429
2239,-0.815195072,-0.05766526,1.631818182,-0.463869464,0.18815331
2240,-0.759689922,-0.037837838,0.4,-0.448818898,0.156069364
2248,-0.828915663,-0.050570962,2.735714286,-0.413105413,0.172962227
2251,-0.875570776,-0.146987952,0.923076923,-0.504739336,0.096118299
2271,-0.680203046,-0.04040404,0.47037037,-0.5,0.141630901
2274,-0.824159021,0.035227565,2.368837209,-0.312220869,0.230635335
2299,-0.897025172,-0.103125,0.715,-0.444976077,0.090252708
2312,-0.915662651,0,2.925,-0.405405405,0.243697479
2335,-0.838407494,-0.097744361,0.594117647,-0.588785047,0.106941839
2350,-0.867256637,-0.031847134,-1.65,-0.466666667,0.161764706
2397,-0.401960784,0.137777778,3.291891892,-0.514754098,0.322429907
2411,-0.882352941,-0.043478261,1.7,-0.6,0.12
2427,-0.815151515,-0.060085837,2.871764706,-0.380622837,0.210526316
2430,-1.032258065,-0.117647059,NaN,-0.483870968,0.219512195
2467,-0.78814262,0.023958928,1.804072398,-0.423942394,0.247473289
2481,-0.86294896,-0.101857783,-0.602597403,-0.587357331,0.125322997
2488,1,1,1.7,-1,1
2493,-0.918088737,-0.069444444,2.81875,-0.487719298,0.165217391
2520,-1.363636364,-0.365853659,1.7,-0.617021277,-0.0625
2526,-0.948863636,-0.031111111,3.533333333,-0.428571429,0.260504202
2535,-0.686046512,-0.077844311,2.2875,-0.631067961,0.015873016
2547,-0.737030411,0.048919226,3.144444444,-0.431095406,0.217514124
2552,-0.78125,-0.086206897,-1.25,-0.620689655,0.084337349
2554,-1.06779661,-0.079365079,-0.533333333,-0.32,0.259259259
2561,-0.993975904,-0.24497992,-0.283333333,-0.609195402,0.077669903
2567,-1.090361446,-0.161290323,-2.222222222,-0.634408602,0.050691244
2569,-0.986486486,-0.188059701,0.886666667,-0.540540541,0.147766323
2585,-0.875,-0.157894737,4.15,-0.428571429,0.238095238
2592,1,1,NaN,-1,0
2602,-0.412587413,0.194968553,3.838461538,-0.232142857,0.264516129
2603,-0.330434783,0.185185185,3.036363636,-0.523809524,0.206349206
2604,0.118881119,0.177142857,0.7,-0.565217391,0.267175573
2614,-0.927631579,-0.009708738,2.525,-0.486842105,0.251184834
2632,-1.17539267,-0.264367816,-0.925714286,-0.582089552,0.060606061
2644,-0.610500275,-0.021487603,2.504496788,-0.467651403,0.208050755
2648,-0.914728682,-0.062146893,-5,-0.498039216,0.208459215
2665,-0.739726027,0.034313725,3.31,-0.330855019,0.292479109
2677,-0.863799283,-0.014492754,1.434375,-0.440816327,0.219730942
2690,-0.895027624,0.025,2.581818182,-0.404958678,0.278810409
2692,-0.857321652,-0.102150538,1.116666667,-0.465425532,0.187560739
2695,-0.423423423,-0.085201794,0.957142857,-0.6,0.068965517
2701,-0.934210526,-0.215686275,-0.825,-0.4375,0.088607595
2705,-0.849162011,-0.016393443,-0.7,-0.529411765,0.128440367
2709,-0.541666667,0.063829787,NaN,-0.705882353,0.189189189
2725,-0.866666667,-0.052401747,0.114285714,-0.363057325,0.230769231
2745,-0.899696049,-0.002820874,-0.341333333,-0.402085747,0.216446858
2753,1,0.333333333,NaN,-1,0
2756,-0.731707317,0.016949153,-1.057142857,-0.493333333,0.072164948
2761,-0.7,-0.257142857,5,-0.655172414,-0.096774194
2762,-0.826558266,-0.134099617,1.56,-0.50140056,0.187637969
2763,-0.676923077,-0.021276596,3,-0.440677966,0.253333333
2764,-0.68627451,0.057553957,1.116666667,-0.489361702,0.355555556
2766,-0.936585366,0.014814815,3.333333333,-0.425641026,0.29209622
2770,-0.910891089,0.086092715,3.333333333,-0.384615385,0.246575342
2784,-1.111111111,-0.074626866,0.763888889,-0.491891892,0.119047619
2790,-0.734939759,0.001287001,-0.120689655,-0.431578947,0.155482815
2794,-0.94834149,-0.13659238,1.000714286,-0.507075472,0.122282609
2806,-1.206266319,-0.236768802,-1.129032258,-0.602150538,-0.113207547
2822,1,1,NaN,-1,0
2825,-1.016081871,-0.230056613,0.261029412,-0.55590801,0.027315914
2827,-0.642458101,0.121771218,2.954545455,-0.411111111,0.307086614
2830,-0.749140893,0.046979866,0.52,-0.420074349,0.284883721
2837,-0.870588235,0.197183099,2.223809524,-0.367088608,0.312977099
2845,-0.416184971,0.050980392,3.685714286,-0.353658537,0.264150943
2848,-1.5,1,NaN,NaN,-1
2854,-0.84439834,-0.033557047,2.071428571,-0.376106195,0.254515599
2876,-0.775,-0.006872852,1.981481481,-0.431372549,0.227686703
2878,-0.719557196,-0.048421053,3.341666667,-0.509025271,0.173020528
2884,-0.880597015,-0.082352941,NaN,-0.442622951,0.219512195
2917,-0.905660377,-0.041564792,3.141666667,-0.463414634,0.204301075
2918,-0.978835979,-0.115384615,2.295833333,-0.533707865,0.15261959
2924,1,1,1.7,-1,1
2932,-0.764423077,0.142857143,3.571428571,-0.368421053,0.276923077
2935,-0.744186047,-0.01,2.886666667,-0.296969697,0.264069264
2938,-0.863453815,-0.089230769,-1.560869565,-0.548,0.132569558
2966,-0.801724138,0.072916667,NaN,-0.457943925,0.282051282
2982,-1.032258065,-0.117647059,NaN,-0.483870968,0.219512195
2985,-0.983884648,-0.095907928,-1.958219178,-0.418009479,0.178707224
3016,-1,-0.160409556,1.931034483,-0.46031746,0.116634799
3026,-0.831578947,0.040935673,1.16,-0.5,0.409395973
3042,-1.116336634,-0.139047619,1.914285714,-0.456989247,0.153398058
3052,-0.883243243,-0.125904486,0.225396825,-0.522752497,0.113835377
3069,-0.719298246,-0.109289617,2.411111111,-0.511111111,0.194444444
3070,-0.714285714,0.107142857,3.3,-0.52,0.363636364
3089,-1.073593074,-0.190443686,-2.920348837,-0.588447653,0.002843602
3091,-0.864864865,0.01734104,0.744444444,-0.37962963,0.297468354
3096,-0.691729323,-0.094252874,0.671428571,-0.504504505,0.157534247
3097,-0.734939759,0.046979866,0.828571429,-0.361111111,0.339449541
3106,-0.92173913,0.076923077,0.8,-0.346534653,0.277777778
3115,-0.673076923,0,2.233333333,-0.4,0.278688525
3120,-0.333333333,0,2.8,-0.4375,0.333333333
3139,-0.166666667,0.272727273,NaN,-0.6,1
3143,-0.051282051,0.19047619,3.883333333,-0.35,0.268292683
3149,-0.846689895,-0.052109181,-0.903225806,-0.517241379,0.274238227
3150,-0.674816626,0.055096419,0.922222222,-0.481675393,0.296875
3193,-0.952420701,-0.212479828,0.781333333,-0.577386469,0.021245421
3204,-0.694331984,-0.016776076,-0.277777778,-0.513457557,0.217460317
3221,-0.734939759,0.015503876,2.587878788,-0.433224756,0.247663551
3222,-0.893617021,-0.377990431,-1.373529412,-0.707317073,0
3232,-0.878869448,-0.065943993,2.928571429,-0.648208469,-0.001675042
3239,-0.771812081,0,-5,-0.503184713,0.172043011
3240,-0.810218978,0.0625,3.15483871,-0.428571429,0.194594595
3279,-0.948571429,-0.126582278,2.041176471,-0.509960159,0.163584637
3287,-0.666666667,-0.050526316,1.745,-0.526690391,0.125171939
3288,-1.080263158,-0.190763052,-0.669047619,-0.567934783,0.07775378
3300,-0.744791667,0.043763676,2.557534247,-0.280821918,0.248618785
3318,-1.008928571,-0.162393162,4.15,-0.537777778,0.12455516
3324,-0.915862069,-0.076225045,1.8,-0.47295423,0.094295693
3325,-0.918938307,-0.081521739,1.546052632,-0.446982055,0.195652174
3334,-0.934640523,-0.186440678,1.290909091,-0.582278481,0.09
3352,-1.004338395,-0.159277504,3.491891892,-0.418719212,0.176470588
3356,-1.009708738,-0.129568106,-0.747368421,-0.527777778,0.020242915
3368,-0.480314961,0.084337349,3.01,-0.490566038,0.346153846
3369,-0.777272727,-0.003367003,2.054545455,-0.399061033,0.176470588
3373,-0.908045977,0.008264463,3.35,-0.35,0.266055046
3387,-1.086956522,-0.198813056,-2.343103448,-0.670979667,-0.03255814
3390,-0.824,0.0875,0.133333333,-0.428571429,0.21686747
3391,-0.780701754,-0.198113208,2.091666667,-0.744,-0.078947368
3397,-0.972249752,-0.195558297,-0.336734694,-0.562819203,-0.011254019
3404,-0.647457627,-0.004219409,1.466666667,-0.407942238,0.313351499
3408,-0.904564315,0.030640669,2.5,-0.434977578,0.30625
3413,-1.115909091,-0.25188537,-0.158064516,-0.546341463,0.028248588
3432,-0.828422877,-0.083086053,1.429411765,-0.38791423,0.20794702
3435,-1.028594122,-0.123957092,-1.571666667,-0.488709677,0.151213441
3475,-1.156862745,-0.2,-3.35,-0.72,0
3493,-0.529045643,0.014634146,3.67,-0.371158392,0.25989673
3510,-0.952,-0.025787966,0.381818182,-0.380530973,0.224615385
3515,-0.853383459,-0.183261183,-0.275555556,-0.563218391,0.096870343
3545,-0.926517572,-0.165692008,-1.634782609,-0.580645161,0.002597403
3550,-0.77480916,-0.119760479,0.393333333,-0.416666667,0.274725275
3556,-0.895622896,0.056433409,2.715,-0.45686901,0.216783217
3561,-0.951298701,-0.022522523,2.169230769,-0.433962264,0.195876289
3571,-0.846153846,-0.043298969,1.633333333,-0.376470588,0.217391304
3577,-0.42384106,0.122529644,2.893333333,-0.508982036,0.23857868
3579,-0.644859813,0,3.3375,-0.51758794,0.243445693
3587,-1.140065147,-0.317307692,-1.336363636,-0.632653061,-0.04735376
3600,-0.990990991,-0.269709544,-0.671153846,-0.589147287,0.041791045
3611,-0.93258427,0.016853933,2.290909091,-0.485074627,0.226666667
3628,-0.416666667,-0.054263566,-0.628571429,-0.68115942,0.153846154
3636,-1.001169591,-0.1447178,-1.678688525,-0.57195572,0.024975025
3648,2,0.2,-1.7,1,1
3660,-0.823834197,-0.051383399,1.577777778,-0.523809524,0.203187251
3661,-0.979423868,-0.121813031,0.261538462,-0.533898305,0.149068323
3662,-0.771276596,-0.023498695,2.547368421,-0.458483755,0.258549932
3674,-1.063291139,-0.181571816,0.095238095,-0.598484848,0.075907591
3676,-0.983471074,-0.179573513,-0.775675676,-0.549002602,0.073103448
3681,-1.025210084,-0.266666667,-1.35,-0.482142857,0.033557047
3715,-1.087727709,-0.184466019,-0.059898477,-0.544885177,0.04675835
3736,-1.174825175,-0.198019802,-2.557142857,-0.552447552,0.097142857
3741,-0.676045016,0.029765013,2.800833333,-0.412599823,0.246767241
3766,-1.013850416,-0.129602158,-2.20707635,-0.539032144,0.11805853
3774,-0.873027799,-0.069403715,1.874125874,-0.486894361,0.157441574
3792,-0.819230769,-0.023136247,1.878947368,-0.501976285,0.154320988
3794,-0.420454545,0.024,2.35,-0.471264368,0.316239316
3801,-0.710213777,-0.057803468,0.71,-0.595454545,0.144508671
3829,-0.983739837,-0.10652921,2.054545455,-0.398058252,0.255384615
3830,-0.872727273,-0.076335878,-1.056521739,-0.649717514,-0.048076923
3833,-0.980176211,-0.1375,1.04,-0.451923077,0.136612022
3886,-0.734104046,0.018087855,1.076190476,-0.54248366,0.204301075
3897,-1.111831442,-0.188679245,-0.705714286,-0.547457627,0.042196919
3903,-0.779605263,-0.080939948,-0.32,-0.352112676,0.195348837
3929,-0.620915033,0.048327138,-0.029411765,-0.597938144,0.198113208
3935,-1.082706767,-0.230769231,1.621875,-0.497237569,0.036101083
3940,-1.113861386,-0.401993355,-0.279166667,-0.699029126,-0.180327869
3941,-0.684587814,-0.060674157,0.261538462,-0.589147287,0.143730887
3977,-0.340909091,0.123966942,2.809090909,-0.86440678,0.022222222
3978,-1.184738956,-0.331343284,0.17,-0.59245283,-0.063122924
3987,-0.734082397,-0.023872679,2.375,-0.455284553,0.24137931
3989,-0.365079365,0.193650794,3.341176471,-0.113122172,0.488054608
3996,-0.862660944,0.023809524,1.52,-0.401869159,0.266903915
4005,-0.632653061,-0.071428571,0.566666667,-0.535714286,0.118644068
4009,-0.926829268,-0.037037037,1.1,-0.45,0.224137931
4023,-1.077506318,-0.163211058,-2.177777778,-0.579773322,0.08028169
4024,-1.072727273,-0.064220183,1.68,-0.627118644,0.125
4034,-0.962264151,-0.122615804,-3.815789474,-0.54789272,0.149847095
4042,-1.16442953,-0.25,1.972727273,-0.518518519,0.047368421
4046,-0.991150442,0.018867925,-5,-0.373737374,0.281045752
4047,-0.725177305,0.042253521,2.368493151,-0.381604697,0.239716312
4058,-0.684210526,-0.030927835,2.5,-0.423728814,0.25
4074,-1.022421525,-0.26006192,-1.511538462,-0.691304348,-0.088888889
4079,-0.819221968,0.034379671,1.981818182,-0.432911392,0.270718232
4087,-0.438485804,0.036053131,2.273333333,-0.381443299,0.194736842
4100,-0.358695652,0.178947368,4,-0.538461538,0.333333333
4102,-1.142857143,-0.142857143,-1.7,-0.333333333,0.3
4104,-0.285714286,0.150326797,1.775,-0.482758621,0.208053691
4107,-0.527363184,0.090909091,0.47826087,-0.502824859,0.272727273
4121,-1.073529412,-0.227642276,0.280952381,-0.608200456,-0.036190476
4129,-0.727272727,0.166051661,3.42,-0.424460432,0.254237288
4174,-0.867256637,-0.04516129,-2.766666667,-0.445544554,0.161764706
4175,-0.87283237,-0.042857143,1.866666667,-0.49112426,0.172727273
4176,-0.681818182,-0.069767442,3.35,-0.5,0.166666667
4177,-0.86407767,-0.0525,1.027083333,-0.598086124,0.042307692
4182,-0.666666667,-0.043478261,NaN,-0.615384615,0.172413793
4191,-0.858695652,-0.082568807,2.157142857,-0.463414634,0.175438596
4196,-0.661417323,-0.045751634,5,-0.496183206,0.142857143
4249,-0.606945541,-0.005266238,2.944,-0.38330494,0.223559215
4251,-0.682926829,-0.008849558,0.188888889,-0.573333333,0.177358491
4257,-1.141176471,-0.243697479,1.7,-0.590361446,0.074074074
4270,-1.038095238,-0.121621622,3.3,-0.428571429,0.253968254
4276,-0.983642312,-0.132481506,-1.901351351,-0.554535017,0.031539889
4285,-0.914634146,0.018181818,2.75,-0.341463415,0.310344828
4313,-0.740740741,0.088888889,3.883333333,-0.1875,0.357142857
4317,-0.927330174,-0.111111111,1.802083333,-0.454855196,0.152201258
4318,-0.872,-0.168674699,-1.705555556,-0.653179191,0.081632653
4346,-0.95,-0.095890411,1.518181818,-0.459854015,-0.020979021
4350,-0.961424332,-0.128205128,-0.210526316,-0.512658228,0.108247423
4351,-1.293706294,-0.271966527,-1.545238095,-0.649635036,-0.126373626
4353,-0.564327485,0.134575569,3.467391304,-0.361823362,0.25210084
4357,-0.920608108,-0.112554113,1.795652174,-0.536729858,0.093629756
4411,-1.143564356,-0.25203252,-1.7625,-0.544973545,0.068376068
4413,-1.066363636,-0.18393923,1.253211009,-0.572533849,0.067494182
4429,-0.835820896,-0.047619048,3.01,-0.26984127,0.247058824
4454,-0.941838649,-0.13464991,1.235135135,-0.485346676,0.1563147
4461,-1.030075188,-0.139817629,-2.645714286,-0.449579832,0.110481586
4466,-0.3875,0.234899329,4.444444444,-0.572815534,0.272727273
4469,-0.8359375,-0.087719298,1.233333333,-0.523809524,0.15
4472,-0.969101124,-0.089494163,-1.778571429,-0.480597015,0.173160173
4486,-0.769406393,-0.142857143,3.018918919,-0.40990991,0.15498155
4521,-0.559006211,0.027956989,0.416666667,-0.445692884,0.230337079
4530,-0.854734112,-0.153384747,0.527083333,-0.541899441,0.115660184
4531,-0.992647059,-0.099041534,4.32,-0.347826087,0.224719101
4539,-0.767605634,0.049676026,3.5,-0.491166078,0.231707317
4567,-0.666666667,0.143617021,2.796428571,-0.372972973,0.237288136
4568,-0.92,-0.042016807,3.68,-0.434343434,0.155555556
4570,-0.866438356,-0.128078818,0.17,-0.441269841,0.147959184
4577,1.333333333,-0.285714286,-1.7,0.555555556,0.6
4594,-0.874651811,-0.032882012,2.805882353,-0.470752089,0.207392197
4602,-0.66442953,-0.166666667,3.3375,-0.605633803,0.153846154
4603,-0.543209877,0.139534884,3.35,-0.656565657,0.274509804
4613,-0.821981424,0.020948181,0.575,-0.416949153,0.219114219
4616,-1.243523316,-0.270560191,-1.7125,-0.585321101,-0.004329004
4622,-0.9,-0.107569721,0.252941176,-0.409836066,0.184
4623,-0.768817204,0.020979021,3.114285714,-0.443850267,0.254237288
4635,-0.82781457,-0.058823529,-1.32,-0.594936709,0.227722772
4639,-0.758354756,-0.052845528,-1.0875,-0.509333333,0.186440678
4641,-0.6875,0.046875,3.24,-0.580246914,0.274193548
4649,-0.844202899,0.005434783,0.2375,-0.424460432,0.217391304
4661,-0.711864407,0.123809524,3.55,-0.416666667,0.417721519
4676,-0.86381323,-0.028409091,3.5,-0.394957983,0.265306122
4680,-0.944903581,-0.150442478,-2.34375,-0.425,0.18609407
4683,-1.121546961,-0.11965812,-2.95862069,-0.561797753,0.118181818
4690,-0.362318841,-0.049429658,-2.614285714,-0.573333333,0.116883117
4720,-0.705047319,0.036637931,2.742857143,-0.429071804,0.210457516
4723,-0.780487805,0.069767442,NaN,-0.493670886,0.247863248
4733,-0.851327434,-0.037372593,-0.5,-0.514184397,0.190651907
4735,-1.050458716,-0.147286822,-2.916666667,-0.492385787,0.163763066
4738,-0.297709924,0.008474576,1.973684211,-0.483333333,0.305389222
4755,-0.942307692,-0.058823529,-2.246153846,-0.562130178,0.102439024
4769,-0.46473029,0.019512195,-0.058333333,-0.532786885,0.243636364
4779,-0.908256881,-0.142857143,1.49,-0.596638655,0.06122449
4783,-0.722551929,-0.038988409,2.033766234,-0.407079646,0.184782609
4788,-1.014326648,-0.081206497,-2.528,-0.520215633,0.156521739
4799,-0.890625,0.027027027,-1.6625,-0.506493506,0.164835165
4815,-1.055555556,-0.1,-1.933333333,-0.466666667,0.166666667
4817,-0.647398844,0.003533569,-0.121428571,-0.417721519,0.255230126
4829,-0.742904841,-0.048811014,0.606666667,-0.420523139,0.192307692
4839,-1.018852459,-0.206314643,0.692753623,-0.565440547,0.048843188
4852,-0.753138075,-0.05952381,2.990909091,-0.382352941,0.188405797
4863,-0.691983122,0.091324201,1.664285714,-0.468879668,0.232258065
4869,-0.815217391,-0.076086957,1.05,-0.644444444,0.104166667
4880,-0.999047619,-0.173606662,1.114864865,-0.522,0.092409241
4892,-0.954402516,-0.116828564,-0.166483516,-0.51474865,0.0966699
4894,-0.786026201,-0.191489362,-1.188888889,-0.515151515,0.082758621
4897,-0.699004975,-0.021032505,0.918181818,-0.524271845,0.227272727
4907,-0.966542751,-0.221374046,-1.241666667,-0.489711934,0.134328358
4911,-0.95148248,-0.12539185,-0.3675,-0.567123288,0.056689342
4926,-0.97515528,0.034482759,3.02,-0.406896552,0.22705314
4942,-0.847894406,-0.136910268,1.573451327,-0.46897932,0.123584441
4945,-0.760227273,-0.006186587,1.491105121,-0.472143148,0.204326923
4956,-0.708633094,-0.007058824,2.876666667,-0.510344828,0.2899729
4960,-1.036231884,-0.171717172,1.765714286,-0.506276151,0.096969697
4974,-0.769230769,0.005181347,2.1,-0.455882353,0.270833333
4976,-0.792079208,-0.054054054,-1.65,-0.47826087,0.142857143
4982,-0.81,-0.048275862,-2.766666667,-0.472527473,0.142857143
4992,-1.007486631,-0.210689869,-1.574157303,-0.622247972,0.031578947
4994,-0.667870036,0.066371681,2.508333333,-0.446640316,0.28313253
5005,-1.100946372,-0.166666667,-3.334482759,-0.578313253,0.037783375
5021,-0.786476868,0.002398082,1.676190476,-0.390977444,0.255208333
5026,-0.795918367,-0.087719298,NaN,-0.333333333,0.313432836
5031,-2,0.666666667,NaN,0,NaN
5061,-0.726627219,-0.01650165,-0.496202532,-0.499404052,0.148362235
5079,-0.875,-0.090651558,1.509677419,-0.505567929,0.174193548
5092,1,-0.2,NaN,-1,-1
5094,-0.768421053,-0.009493671,1.24,-0.489247312,0.194968553
5108,-0.839634941,-0.079584775,-0.5,-0.471641791,0.126967471
5123,-0.610032805,-0.021540708,2.502765957,-0.467644901,0.208351457
5124,-0.715883669,0.019891501,3.652631579,-0.302663438,0.23642732
5128,-0.707446809,0.070769231,1.557142857,-0.502645503,0.272
5130,-0.823529412,0.028571429,1.7,-0.36,0.318181818
5141,-1.158837772,-0.261016949,0.114678899,-0.598091198,-0.041946309
5161,-0.804822909,-0.092794194,1.057142857,-0.428571429,0.162352941
5172,-0.129032258,0.098039216,1.933333333,-0.357142857,0.212121212
5181,-0.175324675,0.193277311,2.925,-0.511111111,0.468085106
5199,-1.149350649,-0.304740406,0.120652174,-0.5710254,0.005594406
5202,-1.110481586,-0.325490196,-1.136363636,-0.633440514,-0.029126214
5220,-0.671111111,0.066282421,2.385714286,-0.326923077,0.319148936
5223,-0.869918699,0,0,-0.443478261,0.217948718
5236,-0.89135255,0,3.028571429,-0.395784543,0.25989673
5241,-0.418181818,-0.324324324,-1.591666667,-0.753846154,-0.098591549
5254,-0.661458333,0.071672355,2.68,-0.325443787,0.29218107
5255,-0.997816594,-0.203856749,-1.553333333,-0.567816092,-0.00172117
5260,-0.512820513,0.053333333,1.542857143,-0.5,0.265306122
5273,-0.891038697,-0.106350421,2.331818182,-0.46201232,0.145361578
5279,-1.223404255,-0.277693475,0.982608696,-0.619631902,-0.039370079
5315,-0.644444444,0.100671141,2.34,-0.456521739,0.189189189
5321,-0.788461538,-0.022123894,4.157142857,-0.475609756,0.221957041
5323,-0.6081711,-0.020273973,2.506223176,-0.468003539,0.207959764
5324,-0.666666667,-0.085227273,2.64,-0.544827586,0.152542373
5335,-0.80600744,-0.0482258,2.546020408,-0.427930239,0.224791702
5344,-0.510416667,0.121338912,0.425,-0.274509804,0.28440367
5351,-0.702736318,-0.01877551,-0.806849315,-0.515970516,0.151631478
5380,-0.782442748,-0.064864865,0.145454545,-0.338709677,0.204892966
5399,-0.548693587,-0.021001616,2.985106383,-0.461346633,0.126654064
5402,-0.196319018,0.115107914,-0.828571429,-0.61627907,0.248780488
5406,1.2,-0.285714286,0.533333333,-0.666666667,0.6
5407,-1.213978495,-0.186751233,-0.870491803,-0.610538373,0.026315789
5411,-0.7344,0.009750813,1.736538462,-0.448873484,0.214099217
5435,-0.874732334,-0.042397661,1.71641791,-0.431952663,0.203433476
5439,-0.948121646,-0.107655502,1.021875,-0.522900763,0.105714286
5453,-0.955414013,-0.112970711,1.9,-0.447761194,0.165714286
5458,-0.695054945,0.029469548,2.46,-0.243553009,0.242553191
5468,-0.58891455,-0.001703578,2.873913043,-0.381546135,0.202166065
5497,-0.792592593,0.033112583,0.566666667,-0.333333333,0.277108434
5543,-0.646464646,0.074792244,1.357894737,-0.42408377,0.258964143
5557,-0.738601824,-0.018666667,-0.171052632,-0.546623794,0.152542373
5582,-0.745205479,0.004975124,1.188888889,-0.497237569,0.197368421
5584,-0.668627451,0.044025157,1.923333333,-0.352422907,0.304482226
5591,-0.475609756,0.03875969,3.2,-0.136363636,0.267326733
5592,-0.804878049,-0.008547009,2.815789474,-0.385542169,0.255813953
5596,-0.77037037,-0.154411765,-0.384615385,-0.703225806,-0.05027933
5607,-0.761538462,0.034482759,1.475,-0.389830508,0.277419355
5615,-1.158642463,-0.230926779,-1.018072289,-0.572559367,-0.00795756
5620,-0.751177602,0.003718927,2.385924714,-0.379949267,0.269002051
5646,-0.776025237,0.004854369,2.322222222,-0.361842105,0.22673031
5664,-0.944444444,-0.085714286,-0.145454545,-0.488888889,0.115789474
5669,-0.959770115,-0.099099099,1.525,-0.548780488,0.16017316
5680,NaN,1,NaN,1,0
5682,-0.64628821,0.00617284,1.7,-0.38,0.226027397
5706,-0.749354005,-0.001814882,1.823809524,-0.546134663,0.174736842
5713,-0.901734104,-0.094827586,0.226666667,-0.530120482,0.172093023
5716,-1.016393443,-0.142857143,0.766666667,-0.540983607,-0.090909091
5717,-0.764367816,-0.012345679,NaN,-0.391304348,0.196261682
5744,-1.067567568,-0.078125,-3.325,-0.551282051,0.127071823
5748,-0.80994152,-0.089184061,-2.841176471,-0.603960396,0.081967213
5754,-0.867256637,-0.04516129,-2.766666667,-0.466666667,0.161764706
5760,-0.28,-0.035856574,2.055555556,-0.622047244,0.071895425
5767,-1.196969697,-0.307189542,-0.497142857,-0.597444089,0.019900498
5773,-1.092105263,-0.045454545,-1.7,-0.424657534,0.257142857
5774,-0.571929825,0.023809524,0.18,-0.385245902,0.279329609
5786,NaN,0.6,2.8,0.5,1
5788,-0.535714286,0.019073569,0.09,-0.515418502,0.108196721
5795,-1.026717557,-0.187134503,0.575,-0.541353383,0.099150142
5797,-0.730769231,-0.011857708,1.442857143,-0.255172414,0.270935961
5803,-0.955223881,-0.011494253,2.8,-0.492537313,0.161290323
5813,-0.636986301,-0.084444444,-2.881818182,-0.583815029,0.03960396
5819,-0.680272109,-0.14893617,0.714285714,-0.6,0.142857143
5836,-0.979651163,-0.129166667,-0.396551724,-0.426666667,0.155963303
5867,-0.947000582,-0.13744856,0.257954545,-0.510599637,0.117437722
5871,-0.933829611,-0.053763441,-1.685858586,-0.466893039,0.171574904
5875,-0.805507745,-0.013463892,-0.9375,-0.443223443,0.18814433
5885,-0.577181208,-0.146853147,-2.35,-0.647798742,0.024390244
5888,-0.63030303,0.01994302,1.710526316,-0.503267974,0.262626263
5896,-0.992537313,-0.104651163,0.566666667,-0.489051095,0.134502924
5898,-0.679389313,0.024390244,3.35,-0.343283582,0.239263804
5910,-0.615686275,0.037593985,2.332,-0.409836066,0.24
5933,-0.949511401,-0.095688749,0.176056338,-0.571209801,0.061068702
5935,-0.753180662,-0.044117647,2.211764706,-0.353383459,0.191056911
5942,-0.871052632,-0.129177958,0.520588235,-0.529411765,0.118790497
5964,-1.124437781,-0.212560386,-1.163636364,-0.44093178,0.140142518
5980,-0.668,0.056497175,3.3,-0.392857143,0.323353293
6004,-0.772594752,-0.045415596,2.746835443,-0.466076696,0.123287671
6015,-0.716666667,0.083333333,1.2625,-0.431818182,0.275167785
6024,-0.634854772,0.165266106,3.75,-0.344978166,0.337386018
6025,-0.843810758,-0.061036789,2.094230769,-0.456090652,0.15527292
6031,-0.832402235,-0.170731707,1.488888889,-0.486910995,0.049773756
6072,-0.935483871,-0.135135135,-3.35,-0.307692308,0.25
6077,-0.768339768,-0.012987013,1.022222222,-0.513043478,0.223684211
6095,-0.961538462,-0.084745763,-0.566666667,-0.485148515,0.237762238
6106,-0.976800977,-0.158453374,0.441836735,-0.518954248,0.008955224
6119,-0.783505155,-0.021582734,2.552631579,-0.410404624,0.168831169
6126,-0.732484076,-0.003194888,-0.141666667,-0.543859649,0.111111111
6127,-0.657718121,0.002079002,-1.80625,-0.552941176,0.14713217
6130,-0.865979381,-0.085043988,-2.745901639,-0.552894212,0.107438017
6142,-0.922261484,0.02688172,-1.163636364,-0.439716312,0.204481793
6149,-0.815286624,0.08056872,3.2,-0.375886525,0.273684211
6150,-0.634069401,0.094688222,3.097560976,-0.364620939,0.325688073
6153,-0.750640478,-0.001707456,1.335135135,-0.49245283,0.219047619
6156,-0.605935697,-0.022794118,2.504477612,-0.467808624,0.208296943
6163,-0.758957655,0.016241299,3.248148148,-0.453968254,0.235431235
6182,-0.796812749,-0.075,-0.384210526,-0.588447653,0.074074074
6195,-0.564327485,0.134575569,3.467391304,-0.361823362,0.25210084
6198,-0.858096828,-0.131611316,1.196116505,-0.433206107,0.106822881
6202,-0.842105263,-0.022222222,-0.573333333,-0.571428571,0.241610738
6217,-0.725806452,0.104761905,3.02,-0.5,0.407407407
6223,-0.644787645,0,0.933333333,-0.448275862,0.224358974
6267,-0.992982456,-0.098272138,-1.969918699,-0.533559322,0.138576779
6270,-0.925549915,-0.148022599,0.517647059,-0.540394973,0.083676269
6294,-0.612244898,0.037037037,0.566666667,-0.516483516,0.223880597
6307,-0.92920354,0.104651163,3.35,-0.411764706,0.173333333
6342,-0.084337349,-0.077720207,-0.32,-0.648351648,0.022222222
6356,-0.791666667,-0.065735893,1.652941176,-0.423255814,0.188579017
6397,-0.847457627,-0.055555556,-0.51,-0.479674797,0.129943503
6404,-1.2,-0.259259259,-2.958333333,-0.589147287,0
6405,-0.523809524,0.091633466,3.991666667,-0.434482759,0.333333333
6434,-1.149295775,-0.155555556,-3.535,-0.573667712,-0.041214751
6450,-0.76137931,-0.04248062,0.286956522,-0.513711152,0.142959513
6478,-0.75,0.076923077,3.34,-0.376623377,0.297297297
6480,-0.520930233,0.145510836,3.207692308,-0.512820513,0.231343284
6488,-0.739726027,0.034313725,3.31,-0.330855019,0.292479109
6494,-0.516666667,0.079069767,2.256666667,-0.351851852,0.165467626
6500,-0.784722222,0.018867925,3.107142857,-0.401459854,0.273684211
6543,-0.825980392,-0.102777778,0.492307692,-0.617647059,0.086172345
6545,-1.201754386,-0.260869565,-3.75,-0.481481481,0.065693431
6574,-0.625899281,0.067729084,0.792307692,-0.631578947,0.169230769
6575,-0.756218905,0.021276596,2.777777778,-0.371727749,0.230188679
6580,-0.617173524,0.101886792,3.039583333,-0.305220884,0.3515625
6609,-0.625441696,0.036319613,2,-0.424,0.243093923
6646,-0.967123288,-0.072727273,-2.233333333,-0.475783476,0.132780083
6651,-0.986631016,-0.153799392,0.180769231,-0.550179211,0.033886085
6657,-0.732222222,0.024610052,2.211949686,-0.434474616,0.24137931
6661,-0.380952381,-0.176470588,0,-0.615384615,0.096774194
6673,-1.014962594,-0.2064,-0.172727273,-0.569553806,0.027837259
6677,-1.301075269,-0.328767123,2.02E-17,-0.674876847,-0.044897959
6683,0,-0.111111111,-3.3,-1,-0.333333333
6705,-0.555555556,0,5,-0.066666667,0.3
6731,-0.88422576,-0.024236038,0.558823529,-0.397815913,0.169363538
6739,-1.015456989,-0.157250471,-1.875735294,-0.560942761,0.073196419
6740,-0.934740883,-0.109375,-0.926923077,-0.512195122,0.161290323
6741,-1.083333333,-0.305970149,-1.931818182,-0.664864865,-0.101321586
6760,-1.025,-0.056603774,1.475,-0.544303797,0.256637168
6772,-1.016393443,-0.193263158,2.076521739,-0.560640732,0.013853904
6775,-0.904231626,-0.001763668,3.028571429,-0.387173397,0.262975779
6778,-0.859375,-0.078947368,-0.8,-0.529411765,0.182926829
6791,-0.968215159,-0.1640625,-2.638888889,-0.418994413,0.185454545
6811,-1.060606061,-0.075144509,1.577777778,-0.379310345,0.204968944
6816,-0.802083333,-0.074074074,-2.851515152,-0.383561644,0.169354839
6825,-1.052419355,-0.058020478,-2.58,-0.541984733,0.148809524
6826,-1.034990792,-0.178403756,-3.458490566,-0.589380531,0.004392387
6849,-0.967213115,-0.333333333,1.7,-0.568627451,-0.01369863
6861,-1.147727273,-0.273209549,-0.83,-0.558232932,0.043478261
6871,-0.3,0.04,-5,-0.857142857,0
6892,-1.22324159,-0.278396437,-1.023076923,-0.590643275,0.058252427
6904,-1.232104121,-0.260572988,-2.802777778,-0.630979499,-0.027624309
6911,0.054054054,0.102040816,3.814285714,-0.58490566,0.28
6912,-0.673333333,-0.059360731,0.893333333,-0.485294118,0.144444444
6921,-1.125168237,-0.25729443,-1.181818182,-0.604075691,-0.017421603
6935,-0.785340314,0.064935065,1,-0.24742268,0.283333333
6936,-0.803278689,0.033333333,2.507142857,-0.380645161,0.273542601
6937,-0.467625899,0.092783505,3.060606061,-0.471428571,0.197530864
6941,-0.811594203,0.002754821,1.466666667,-0.422222222,0.254385965
6944,-0.727149628,-0.039274924,1.310404624,-0.499245852,0.13740458
6986,-0.751046025,0.050679852,2.59787234,-0.414187643,0.296
7001,-0.68556701,-0.094674556,-1,-0.519607843,0.089041096
7002,-0.942508711,-0.102762431,-0.21025641,-0.471631206,0.127572016
7005,-0.934036939,-0.141649049,-2.105882353,-0.431952663,0.185185185
7012,-0.80239521,0,3.133333333,-0.373333333,0.277310924
7013,-0.88125,0.052631579,3.047058824,-0.328671329,0.281818182
7014,-0.957446809,-0.074766355,0.566666667,-0.4,0.26984127
7019,-0.687308869,0.007313506,2.008130081,-0.432013769,0.231129315
7027,-0.907692308,-0.218637993,0.283333333,-0.561797753,0.048034934
7029,-0.988123515,-0.185106383,-1.252845528,-0.570060923,0.058744092
7037,-0.485714286,0.058823529,2.68,-0.596330275,0.193277311
7052,-0.76091954,0.055062167,2.959259259,-0.370666667,0.222222222
7055,-0.87398374,-0.166666667,0.656164384,-0.640703518,-0.006550218
7079,-0.881390593,-0.137414966,0.343939394,-0.613963039,0.045602606
7087,-0.962857143,-0.083578328,0.92,-0.493415957,0.162711864
7099,-0.8125,-0.021276596,2.68,-0.253731343,0.294117647
7108,-0.333333333,0.01863354,2.3,-0.708737864,0.158730159
7112,-0.917910448,-0.110047847,-0.766666667,-0.550387597,0.10982659
7115,-0.943925234,-0.083850932,1.696774194,-0.458333333,0.135435993
7123,-0.995975855,-0.160945843,-0.526470588,-0.548186528,0.066874028
7125,-0.94721826,-0.221800948,0.795180723,-0.558780842,0.035347777
7126,-0.797687861,-0.026282854,1.926923077,-0.484143763,0.216216216
7141,-0.866071429,-0.033112583,-0.646153846,-0.553719008,0.248322148
7146,-0.896969697,-0.161172161,1.372,-0.524539877,0.077669903
7174,-0.81,-0.034965035,-1.65,-0.489361702,0.162393162
7183,-0.436781609,0.066202091,3.278571429,-0.37398374,0.261261261
7192,-0.724822695,0.00317013,2.618957346,-0.342465753,0.263157895
7196,-0.722857143,-0.079754601,0.9,-0.538057743,0.175475687
7201,-0.98630137,-0.010526316,-5,-0.47826087,0.161290323
7212,-1.099415205,-0.292134831,-2.243589744,-0.720930233,-0.129113924
7226,-0.787878788,-0.154929577,-1.575,-0.642276423,0.112676056
7235,-1.173728814,-0.181818182,-3.25,-0.548117155,-0.006493506
7242,-0.812030075,0.063651591,2.189583333,-0.445682451,0.27037037
7257,-0.642512077,0.133105802,2.783333333,-0.468468468,0.216117216
7288,-0.986458761,-0.20636663,-1.477777778,-0.573798384,0.04
7299,-0.568493151,-0.067307692,3.34375,-0.272727273,0.24742268
7311,-0.920103396,-0.00445653,-0.900849257,-0.511172541,0.118222692
7313,-0.751020408,0.039755352,3.023076923,-0.458515284,0.219354839
7325,-0.486486486,0.066666667,1.7,-0.24137931,0.319148936
7348,-0.612283465,0.077970297,2.551515152,-0.371199465,0.304193139
7356,-0.531120332,0.098039216,3.478947368,-0.449781659,0.297805643
7365,-1.057421452,-0.18429003,1.536666667,-0.546998867,0.068934646
7369,-1.254117647,-0.3290938,-2.014705882,-0.591022444,-0.057034221
7372,-0.475,0,1.68,-0.344,0.236180905
7378,-0.92795389,-0.149888143,-0.341176471,-0.423076923,0.149321267
7382,-0.616113744,0.079691517,2.5125,-0.395121951,0.337792642
7403,-0.876494024,0.010928962,0.7,-0.533898305,0.135646688
7420,-0.80141844,0.116666667,2.716666667,-0.406451613,0.145728643
7432,-1.057169202,-0.154721274,-0.132701422,-0.561092477,0.03792715
7433,-0.935672515,-0.078066914,2.366666667,-0.475609756,0.178082192
7434,-0.911184211,-0.019607843,2.920833333,-0.425742574,0.238095238
7435,-0.67539267,-0.06122449,2.647058824,-0.417647059,0.239316239
7436,-0.990521327,-0.159090909,-2.614285714,-0.453608247,0.208480565
7441,-0.833333333,-0.142857143,1.230555556,-0.558776167,0.139442231
7453,-0.857142857,-0.124006359,0.034862385,-0.557083906,0.071111111
7454,-0.861940299,0.00265252,2.18,-0.41322314,0.242339833
7475,-0.804794521,-0.06234414,3.3,-0.454545455,0.181102362
7493,-1,-0.127272727,NaN,-0.466666667,0.138461538
7497,-0.806179775,-0.006681514,2.872222222,-0.349480969,0.277272727
7501,-0.848484848,-0.025641026,2.516666667,-0.431818182,0.291338583
7509,-0.940594059,-0.184713376,-0.242857143,-0.581632653,0.064935065
7529,-1.026666667,-0.022082019,0.893333333,-0.419689119,0.210332103
7537,-0.837349398,-0.084558824,-1.372340426,-0.533123028,0.100917431
7538,-0.929133858,0.068783069,3.571428571,-0.476923077,0.191011236
7544,-0.810526316,-0.128,3.333333333,-0.55801105,0.139130435
7587,-0.751592357,-0.00877193,-2.044444444,-0.454545455,0.093596059
7610,-0.375,0.217877095,3.336842105,-0.074074074,0.375
7611,-1.047619048,-0.292604502,2.233333333,-0.638554217,-0.113402062
7612,-0.771217712,0.025404157,0.2,-0.386281588,0.174698795
7638,-0.929133858,0,2.66,-0.451612903,0.218934911
7649,-0.990196078,-0.078817734,2.755,-0.434782609,0.192118227
7650,-0.472049689,0.197231834,-5,-0.567567568,0.281105991
7678,-0.610032805,-0.021540708,2.502765957,-0.467644901,0.208351457
7683,-0.98381877,-0.12591051,0.297916667,-0.563884157,0.094086022
7685,-1.0625,-0.2,NaN,-0.428571429,0.181818182
7688,-0.24,0.125,4.575,-0.5,0.360824742
7689,-0.74015748,0.078787879,2.385714286,-0.394495413,0.312101911
7690,-0.830860534,-0.071713147,0.254166667,-0.438485804,0.213793103
7696,-0.203007519,0.169811321,3.342857143,-0.148387097,0.452631579
7698,-1,-0.076923077,5,-0.476923077,0.208791209
7703,-0.617088608,0.084337349,3.9,-0.432525952,0.282758621
7714,-0.947368421,-0.143302181,2.191428571,-0.465608466,0.12754159
7718,-0.93989071,0.009310987,1.292307692,-0.395721925,0.197556008
7721,-1.124190065,-0.193265993,-0.41509434,-0.592549476,0.006439742
7728,-0.690647482,0.063711911,3.718181818,-0.251028807,0.295774648
7745,-0.615384615,0.032258065,1.7,-0.47826087,0.192982456
7750,-0.814569536,-0.047169811,2.566666667,-0.388625592,0.258536585
7773,-0.882352941,0.130434783,5,-0.411764706,-0.043478261
7778,-1.02928615,-0.137190083,-0.919254658,-0.546933667,0.089724311
7779,-0.919213974,-0.102749638,2.331428571,-0.471882641,0.135036496
7796,-1.151753325,-0.193721013,1.493209877,-0.568181818,-0.017377567
7807,-0.933333333,-0.096085409,0.544444444,-0.393258427,0.167883212
7808,-1.107305936,-0.282051282,0.8375,-0.641860465,-0.030425963
7823,-0.87966805,-0.083123426,-0.1,-0.483050847,0.159159159
7828,-1.16056338,-0.281588448,-3.747368421,-0.664122137,-0.04587156
7844,-1.027027027,0.043771044,3.3,-0.371727749,0.296052632
7845,-0.987288136,-0.167883212,0.13220339,-0.5404814,0.040540541
7851,-0.565445026,0.018450185,3.5,-0.445026178,0.185770751
7852,-0.851711027,-0.113157895,1.629411765,-0.551330798,0.156069364
7862,-0.659025788,-0.066037736,3.039285714,-0.36627907,0.215246637
7870,-0.61043956,-0.022197762,2.504496788,-0.467808624,0.208041958
7871,-0.810383747,-0.139072848,0.78125,-0.390350877,0.1558669
7879,-0.493548387,0.036414566,1.746428571,-0.477443609,0.241116751
7883,-0.881578947,-0.19504644,2.871428571,-0.639810427,0.089605735
7887,-0.842726081,-0.069689337,2.854545455,-0.479768786,0.15995872
7889,-1.203846154,-0.168646081,1.478571429,-0.53968254,0.049382716
7896,-1.221590909,-0.206477733,-1.816666667,-0.543859649,0.044334975
7900,-0.787990196,-0.048211509,2.4,-0.434229137,0.175604627
7905,-1.361256545,-0.36026936,-0.58125,-0.653465347,-0.083333333
7910,-0.891304348,-0.098039216,1.25,-0.523809524,0.146551724
7916,-0.75257732,-0.003623188,1.823809524,-0.54950495,0.174736842
7922,-0.583577713,0.022875817,2.06,-0.488505747,0.142857143
7934,-0.862007168,-0.0644727,0.742073171,-0.515291937,0.149824561
7936,-0.435897436,0.157894737,2.5,-0.523809524,0.285714286
7940,-0.787878788,0,1.65,-0.435897436,0.321428571
7977,-0.772413793,-0.018181818,0.83,-0.450549451,0.191374663
7994,-0.683527886,0.017182131,3.197196262,-0.438914027,0.234170854
7996,-0.876760563,-0.023872679,1.546153846,-0.408560311,0.252747253
8009,-0.716840537,-0.161676647,-0.259090909,-0.516407599,0.145057766
8010,-0.612716763,0.003663004,1.925,-0.368421053,0.257383966
8014,NaN,1,3.35,NaN,1
8017,-1.030245747,-0.196787149,-0.553333333,-0.481632653,0.095522388
8044,-0.845857418,-0.042105263,-2.089189189,-0.578044597,0.134328358
8064,-0.427586207,0.008849558,3.9,-0.361344538,0.239130435
8078,-1.0078125,-0.283950617,0.85,-0.35483871,0.073446328
8082,-0.849753695,-0.101973684,1.965,-0.456790123,0.123287671
8092,-0.83625731,0.060498221,3.9,-0.424836601,0.278846154
8094,-0.622857143,0.019498607,4.716666667,-0.487804878,0.255102041
8109,-0.925,-0.104651163,-0.5,-0.516908213,0.219178082
8110,-1.142857143,-0.410526316,NaN,-0.491525424,0.047619048
8126,-0.981961669,-0.132208158,-1.676811594,-0.545238095,0.036757776
8131,-0.823269048,-0.041397464,1.94009009,-0.434196891,0.201797753
8139,-0.854545455,0.034146341,-1.542857143,-0.428571429,0.218181818
8143,-1.034482759,-0.151515152,-1.7,-0.28,0.302325581
8151,-0.916398714,-0.159904535,0.681818182,-0.381381381,0.132867133
8160,-0.881578947,-0.085020243,-1.106666667,-0.518248175,0.153439153
8168,-1.183844011,-0.302919708,0.22,-0.589442815,-0.011655012
8170,-1.134246575,-0.227016886,-1.8125,-0.542372881,0.029213483
8179,-0.84375,-0.105263158,2.34,-0.419354839,0.209302326
8195,-0.734530938,-0.069258809,1.436206897,-0.467268623,0.220543807
8197,-0.48,0,2.219047619,-0.467625899,0.257731959
8203,-0.883211679,-0.223529412,-0.714285714,-0.785234899,-0.095541401
8206,-1.02173913,-0.176470588,-0.85,-0.380952381,0.230769231
8221,-0.759259259,-0.010989011,1.442857143,-0.428571429,0.12195122
8222,-0.970419063,-0.197524497,1.531578947,-0.571177504,0.028340081
8232,-0.817916261,-0.02979903,0.921153846,-0.520467836,0.161377448
8240,-1.037037037,-0.067357513,1.527272727,-0.488,0.133333333
8244,-0.309090909,0,-0.2,-0.650793651,0.15
8257,-0.43220339,0.079096045,2.4,-0.289099526,0.331168831
8260,-0.771331058,0.007263923,3.68,-0.435714286,0.253263708
8262,-0.80952381,0.068825911,3.4,-0.411167513,0.306990881
8263,-0.430769231,-0.052132701,-5,-0.611940299,0.1
8265,-0.875,-0.032679739,-1.636,-0.574193548,0.054726368
8268,-0.872561769,-0.098256735,1.968115942,-0.526946108,0.141562854
8269,-0.717241379,-0.042944785,-1.13,-0.37037037,0.220994475
8283,-0.638429752,0.04665826,2.710144928,-0.402985075,0.275922671
8292,-0.724822695,0.00317013,2.618957346,-0.342465753,0.263157895
8293,-1.183453237,-0.295454545,0.249056604,-0.590733591,-0.033033033
8306,-0.735849057,0.133640553,3.214285714,-0.320754717,0.298578199
8308,-1.04587156,-0.115740741,2.225,-0.423076923,0.198237885
8319,-0.661870504,0.051162791,2.35,-0.327586207,0.239583333
8363,-0.799901429,-0.052211302,1.779012346,-0.456053068,0.177123346
8395,-1.151515152,-0.15270936,-0.61875,-0.490909091,0.121495327
8398,-0.598765432,-0.018181818,1.966666667,-0.411764706,0.227722772
8407,0.08,-0.024390244,3.75,-0.625,0.183673469
8429,-0.398373984,0.005128205,3.68,-0.573770492,0.248322148
8438,-0.839694656,0.07027027,3.076923077,-0.28358209,0.299492386
8441,-0.972172883,-0.11400153,0.82716763,-0.493416928,0.106851941
8442,-0.683783784,-0.009259259,3.826666667,-0.411764706,0.261146497
8456,-0.6796875,0.099009901,3.457142857,-0.405405405,0.322033898
8478,-0.872881356,-0.107632094,0.14,-0.449856734,0.149779736
8479,-0.626262626,0.020979021,3.781818182,-0.413043478,0.258064516
8483,-0.666666667,0.063829787,3.35,-0.461538462,0.3125
8501,-0.80141844,0.024390244,0.1125,-0.420689655,0.224242424
8523,-0.89687924,-0.099082569,0.36031746,-0.496296296,0.119911991
8534,-1.088135593,-0.19223301,0.98,-0.606557377,0.01734104
8537,-0.906832298,-0.070484581,2.84,-0.395833333,0.205542725
8557,-1.052631579,-0.172222222,0.185714286,-0.545454545,0.041533546
8566,-1.059782609,-0.053497942,-4.166666667,-0.4,0.2
8567,-0.93088364,-0.108776267,2.423809524,-0.454375292,0.142039356
8568,-0.91372549,0.043103448,-0.562857143,-0.454198473,0.237263464
8572,-0.921135647,-0.004464286,2.506666667,-0.422077922,0.229268293
8584,-0.580645161,-0.075812274,-4.166666667,-0.590643275,0.072243346
8600,-0.935643564,0.012552301,-3.284210526,-0.416666667,0.185770751
8603,-0.700854701,-0.144508671,0,-0.575757576,0.064516129
8605,-0.318181818,0.170526316,4.315217391,-0.057627119,0.412087912
8609,-0.832167832,-0.073684211,-2.978947368,-0.611764706,0.076923077
8621,-1.385542169,-0.438247012,-1.513636364,-0.688741722,-0.09375
8626,-0.847117794,-0.048275862,0.747368421,-0.39673913,0.209109731
8637,-0.682656827,0,2.196551724,-0.36,0.218997361
8710,-1.042440318,-0.151515152,-1.808333333,-0.494382022,0.090909091
8718,-0.877192982,-0.170984456,-1.875,-0.714285714,0.082191781
8729,-1.228070175,-0.213793103,2.3,-0.557377049,0.093333333
8743,-0.916256158,-0.135,1.91,-0.666666667,-0.03286385
8756,-0.787878788,-0.074074074,-1.7,-0.333333333,0.166666667
8778,-0.804477612,0,1.508571429,-0.426644182,0.198124267
8783,-0.844660194,-0.106145251,1.67,-0.510638298,0.127819549
8786,-0.88968335,-0.175349428,0.001333333,-0.575027382,-0.029310345
8792,-1.146171694,-0.258160237,-0.325,-0.616252822,0.001890359
8801,-0.923980815,-0.158605528,1.213471503,-0.485743124,0.076555902
8814,-1.162280702,-0.364985163,-1.595652174,-0.689655172,-0.102941176
8817,-0.731800766,0.086206897,3.825,-0.428571429,0.256544503
8821,-0.822695035,-0.006756757,2.5475,-0.460093897,0.268456376
8847,-0.876811594,-0.054945055,4.433333333,-0.5,0.197860963
8863,-1.07155477,-0.095145631,0.422916667,-0.472356935,0.18238128
8869,-0.875739645,-0.092664093,1.775,-0.517684887,0.117794486
8870,-0.534671533,0.117021277,2.392647059,-0.304189435,0.279411765
8871,-0.873579545,-0.089332177,1.284615385,-0.493635078,0.094252874
8883,-1.02970297,-0.217573222,-3.011111111,-0.591973244,0.02676399
8892,-0.81,-0.034965035,-1.65,-0.489361702,0.162393162
8901,-0.740181269,0.032119914,2.16,-0.350157729,0.269320843
8905,-1.172619048,-0.261958998,-3.061290323,-0.642857143,-0.002457002
8907,-0.7,0.019607843,0,-0.258426966,0.285714286
8914,-0.624078624,0.071553229,2.78627451,-0.369272237,0.268965517
8923,-0.854961832,-0.046979866,3.125,-0.264957265,0.233532934
8930,-0.877300613,-0.098901099,1.792307692,-0.577639752,0.130841121
8938,-0.911764706,-0.02173913,-4.042857143,-0.553956835,0.125
8955,-0.627659574,0,0.566666667,-0.59223301,0.150943396
8980,-0.953307393,-0.083333333,1.013333333,-0.448818898,0.111821086
8981,-0.990384615,-0.082278481,2.7,-0.346153846,0.224783862
8983,0,-0.0625,3.333333333,-0.111111111,0.310344828
9006,-0.981132075,-0.131147541,2.34,-0.362637363,0.191780822
9009,-0.913043478,-0.141141141,0.128571429,-0.571428571,0.077625571
9029,-0.842424242,-0.026022305,1.314285714,-0.386666667,0.201970443
9031,-0.738461538,-0.034482759,-0.761111111,-0.475655431,0.176470588
9048,-1.279373368,-0.445692884,-2.142857143,-0.696132597,-0.135391924
9054,-0.989010989,-0.146551724,-0.471428571,-0.540372671,0.160714286
9087,-0.854166667,-0.12195122,-2.1875,-0.488372093,0.153846154
9099,1,0.523809524,2.5,-1,0.736842105
9112,-0.84375,-0.066666667,1.65,-0.310344828,0.333333333
9128,-0.774193548,-0.273972603,-1.318181818,-0.58778626,0.069230769
9134,-0.805194805,-0.116788321,0.126923077,-0.590909091,0.095022624
9135,-0.784431138,-0.142857143,-2.142857143,-0.541176471,0.086206897
9136,-0.672566372,0.127659574,4.17,-0.371179039,0.34
9137,-1.043883708,-0.185319767,0.426506024,-0.523153942,0.077132486
9139,-1.019230769,-0.132420091,-1.261904762,-0.55801105,0.072340426
9150,-1.206451613,-0.276553106,-0.402419355,-0.572649573,0.013473931
9159,-0.875,-0.015873016,-1.0375,-0.65625,0.070422535
9179,-0.744186047,0.009259259,2.09,-0.47826087,0.120567376
9181,-0.625899281,-0.008042895,3.244444444,-0.383966245,0.306358382
9191,-0.880434783,-0.108504399,0.763636364,-0.481481481,0.179775281
9192,-0.913043478,-0.168539326,-3.13125,-0.492753623,0.13368984
9217,-0.808777429,-0.089579525,2.179545455,-0.555555556,0.061538462
9230,-0.680497925,0.081081081,2.395652174,-0.392624729,0.287539936
9235,-0.614678899,-0.165775401,1.488888889,-0.465346535,0.132075472
9252,-0.651292802,0.029037188,3.159116022,-0.356484763,0.250270856
9257,-0.971215057,-0.129828528,1.338214286,-0.476277372,0.116771867
9267,-0.899845917,-0.071012806,-0.890196078,-0.466437177,0.141781681
9277,-1.066985646,-0.142857143,1.02,-0.521276596,0.176470588
9278,-0.477165354,0.043789097,3.024324324,-0.563689605,0.157760814
9287,-0.715909091,0.131086142,0.95,-0.378881988,0.287037037
9309,-1.158163265,-0.29617628,1.765,-0.630071599,-0.015902713
9321,-0.840848806,-0.014173228,2.654545455,-0.538057743,0.192079208
9331,-0.823232323,-0.02430243,0.504950495,-0.388478582,0.189773845
9342,-0.64516129,0.102040816,2.966666667,-0.425,0.255813953
9383,-0.51369863,-0.028037383,0.525,-0.424657534,0.2
9386,-0.72972973,0.021834061,3.51,-0.35483871,0.309734513
9401,-0.826315789,0.035856574,2.760869565,-0.341772152,0.253112033
9416,-0.740402194,-0.046004843,-1.163157895,-0.516853933,0.218897638
9417,-1.36,-0.267605634,-0.714285714,-0.661538462,-0.04109589
9421,-1.043103448,-0.271137026,1.818181818,-0.654320988,-0.013071895
9427,-1.024390244,-0.05982906,3.3,-0.44,0.153153153
9429,-0.93,-0.080291971,3.3,-0.490196078,0.202898551
9442,-0.942992874,-0.092043682,1.0875,-0.489130435,0.172268908
9452,-0.819047619,-0.119496855,2.920833333,-0.55704698,0.078085642
9455,-0.873493976,0.014218009,-0.82,-0.505747126,0.243478261
9464,-0.76201373,-0.141804788,2.905714286,-0.415178571,0.151291513
9470,-0.900621118,-0.011406844,2.187234043,-0.369803063,0.262830482
9479,-0.773892774,-0.011363636,2.22,-0.437037037,0.248275862
9501,-0.461864407,0.133531157,2.12244898,-0.292134831,0.376205788
9517,-1.184385382,-0.253731343,-3.290909091,-0.662686567,-0.047735618
9548,-0.644230769,0.189349112,2.3,-0.444976077,0.318996416
9554,-1.121588089,-0.337099812,-1.696153846,-0.576826196,-0.010141988
9557,-1.023923445,-0.181494662,0.995238095,-0.609302326,0.071161049
9561,-0.507092199,0.115183246,2.946666667,-0.282051282,0.367521368
9564,-1,-0.096103896,1.85,-0.544186047,0.076923077
9574,-0.933333333,0.047619048,-1.7,-0.230769231,0.44
9575,-0.93220339,-0.160762943,-2.72,-0.439393939,0.177339901
9581,-0.937677054,-0.135135135,2.504166667,-0.411042945,0.142231947
9582,-0.887892377,-0.013888889,-2.547058824,-0.487922705,0.197132616
9590,-0.773480663,0.063492063,3.305,-0.44047619,0.351778656
9598,1.5,0.333333333,0,0,1
9599,-0.654,0.073286052,0.524705882,-0.432950192,0.208211144
9628,-0.8996139,-0.117346939,1.855555556,-0.55465587,0.129337539
9629,-0.666666667,0.003533569,2.214285714,-0.393617021,0.244274809
9630,-0.869204152,-0.100092678,2.656115108,-0.46184107,0.175305766
9633,-0.730496454,-0.086705202,1.263636364,-0.531669866,0.151879699
9636,-0.74251497,-0.110204082,0.9,-0.5,0.139896373
9641,-1.18,-0.249382716,-1.469230769,-0.588607595,0.076923077
9648,-0.996715928,-0.005128205,-2.086666667,-0.459546926,0.189122373
9674,-0.714285714,0.018181818,2.638888889,-0.27014218,0.320872274
9679,-0.66023166,0.126760563,2.477272727,-0.419354839,0.302052786
9681,-0.879120879,-0.033333333,1.288888889,-0.6,0.171875
9682,-0.639130435,0.047923323,3.7,-0.364583333,0.274021352
9683,-0.718032787,0.065759637,3.278571429,-0.414012739,0.308457711
9686,-0.911764706,-0.107776262,2.023076923,-0.395711501,0.182733813
9689,-0.885572139,-0.074074074,-1.1,-0.4375,0.152941176
9693,-0.804347826,-0.262135922,1.7,-0.581395349,0.018404908
9704,-0.839694656,-0.083123426,0.477777778,-0.509881423,0.196202532
9716,-0.7875,-0.088348271,1.085185185,-0.513157895,0.143847487
9721,-0.533864542,0.144927536,3.047619048,-0.389121339,0.326007326
9725,-0.545454545,-0.043478261,3.2,-0.545454545,0.28
9741,-0.757142857,0.030927835,3.333333333,-0.595238095,0.155963303
9744,-1.06779661,-0.319884726,-1.104,-0.662337662,-0.028776978
9745,-0.907142857,0.028340081,-4.285714286,-0.664921466,0.145539906
9754,-0.83518931,-0.042654028,3.088235294,-0.370629371,0.222748815
9768,-0.656050955,-0.020262217,1.055102041,-0.389312977,0.202777778
9777,-1.282485876,-0.341176471,2.791666667,-0.62962963,-0.019607843
9788,-0.75,-0.030864198,3.342857143,-0.475982533,0.210702341
9793,-0.723756906,-0.055033557,1.74,-0.37428023,0.166921899
9806,-0.517241379,0.092105263,2.14375,-0.394736842,0.223300971
9812,-0.731092437,0.052238806,1.702941176,-0.307901907,0.291028446
9821,-1.172086721,-0.258503401,0.065217391,-0.598360656,-0.052987599
9822,-0.766233766,-0.04856787,0.151111111,-0.464788732,0.175324675
9827,-1.026280018,-0.226551227,-1.054824561,-0.617407939,-0.008257963
9833,-1.278409091,-0.288659794,-1.423809524,-0.677777778,-0.082294264
9836,-0.9844098,-0.176287051,1.676595745,-0.504358655,0.118374558
9839,-0.844827586,0.005681818,0.825,-0.42081448,0.224913495
9840,-0.791666667,-0.015384615,2.636842105,-1,-0.050847458
9841,-0.678082192,-0.06,-1.345454545,-0.572519084,0.13368984
9860,-0.899328859,-0.103857567,2.405555556,-0.490196078,0.125233645
9867,-0.25,0.137614679,-2.525,-0.64516129,0.162790698
9881,-0.818181818,-0.136729223,0.338888889,-0.533039648,0.091633466
9885,-0.691489362,0.034090909,-0.605263158,-0.387387387,0.178294574
9897,-0.944723618,-0.142857143,0,-0.428571429,0.204724409
9906,1,1,0,-1,1
9909,-1.02739726,-0.194280908,-1.724418605,-0.546218487,0.038793103
9915,-1.141376758,-0.274390244,-0.895789474,-0.570168404,-6.18E-04
9923,-1.002936858,-0.099547511,1.370454545,-0.415584416,0.211581292
9927,-0.797927461,-0.074324324,2.628571429,-0.375,0.219123506
9932,-0.932926829,-0.133603239,-5,-0.565217391,0.061032864
9933,-0.99015748,-0.185185185,1.010526316,-0.50524109,0.082926829
9968,1.5,1,NaN,-1,-0.111111111
9969,-0.865116279,-0.044871795,-5,-0.525114155,0.211469534
9974,-0.680272109,0.009090909,2.5,-0.367647059,0.217877095
9984,-0.916398714,-0.159904535,0.681818182,-0.373134328,0.132867133
NA,NaN,NaN,NaN,NaN,NaN